0,0.0,0,,,0,7
1,440.3,440.3,,,1.2,3
2,342.6,342.6,,,1.3,18
3,333.2,333.2,,,1.4,15
4,325.0,325,,,1.5,14
5,240.1,240.1,,,1.6,12
6,138.3,138.2,,,1.7,10
7,96.1,96.1,,,1.8,9
8,73.6,73.6,,,1.9,9
9,59.7,59.6,,,2,7
10,50.2,50.2,,,2.1,7
11,43.3,43.2,,,2.2,6
12,38.1,38,,,2.3,6
13,34.0,33.9,,,2.4,5
14,30.6,30.6,,,2.5,5
15,27.9,27.9,,,2.6,5
16,25.7,25.6,,,2.7,4
17,23.7,23.7,,,2.8,4
18,22.1,22,,,2.9,3
19,20.6,20.6,,,3,4
20,19.3,19.3,,,3.1,3
21,18.2,18.2,,,3.2,3
22,17.2,17.2,,,3.3,3
23,16.3,16.3,,,3.4,3
24,15.5,15.5,,,3.5,2
25,14.8,14.7,,,3.6,2
26,14.1,14.1,,,3.7,3
27,13.5,13.5,,,3.8,2
28,13.0,12.9,,,3.9,2
29,12.5,12.4,,,4,2
30,12.0,11.9,,,4.1,2
31,11.6,11.5,,,4.2,1
32,11.1,11.1,,,4.3,2
33,10.8,10.7,,,4.4,2
34,10.4,10.4,,,4.5,1
35,10.1,10,,,4.6,2
36,9.8,9.7,,,4.7,1
37,9.5,9.4,,,4.8,3
38,9.2,9.1,,,4.9,7
39,8.9,8.9,,,5,5
40,8.7,8.6,,,5.1,5
41,8.5,8.4,,,5.2,5
42,8.2,8.2,,,5.3,4
43,8.0,8,,,5.4,5
44,7.8,7.8,,,5.5,4
45,7.6,7.6,,,5.6,4
46,7.5,7.4,,,5.7,5
47,7.3,7.2,,,5.8,4
48,7.1,7.1,,,5.9,3
49,7.0,6.9,,,6,4
50,6.8,6.8,,,6.1,4
51,6.7,6.6,,,6.2,4
52,6.5,6.5,,,6.3,2
53,6.4,6.4,,,6.4,4
54,6.3,6.2,,,6.5,3
55,6.2,6.1,,,6.6,4
56,6.0,6,,,6.7,2
57,5.9,5.9,,,6.8,3
58,5.8,5.8,,,6.9,3
59,5.7,5.7,,,7,2
60,5.6,5.6,,,7.1,3
61,5.5,5.5,,,7.2,3
62,5.4,5.4,,,7.3,2
63,5.3,5.3,,,7.4,3
64,5.2,5.2,,,7.5,2
65,5.1,5.1,,,7.6,3
66,5.1,5,,,7.7,2
67,5.0,4.9,,,7.8,2
68,4.9,4.9,,,7.9,2
69,4.8,4.8,,,8,3
70,4.8,4.7,,,8.1,1
71,4.7,4.6,,,8.2,3
72,4.6,4.6,,,8.3,1
73,4.6,4.5,,,8.4,3
74,4.5,4.4,,,8.5,1
75,4.4,4.4,,,8.6,2
76,4.4,4.3,,,8.7,2
77,4.3,4.3,,,8.8,1
78,4.3,4.2,,,8.9,2
79,4.2,4.1,,,9,2
80,4.1,4.1,,,9.1,2
81,4.1,4,,,9.2,1
82,4.0,4,,,9.3,1
83,4.0,3.9,,,9.4,3
84,3.9,3.9,,,9.5,1
85,3.9,3.8,,,9.6,1
86,3.8,3.8,,,9.7,2
87,3.8,3.7,,,9.8,1
88,3.7,3.7,,,9.9,1
89,3.7,3.7,,,10,2
90,3.7,3.6,,,10.1,1
91,3.6,3.6,,,10.2,1
92,3.6,3.5,,,10.3,1
93,3.5,3.5,,,10.4,2
94,3.5,3.4,,,10.5,1
95,3.5,3.4,,,10.6,1
96,3.4,3.4,,,10.7,2
97,3.4,3.3,,,10.8,1
98,3.3,3.3,,,11,1
99,3.3,3.3,,,11.1,2
100,3.3,3.2,,,11.2,1
101,3.2,3.2,,,11.3,1
102,3.2,3.2,,,11.4,1
103,3.2,3.1,,,11.5,1
104,3.2,3.1,,,11.6,1
105,3.1,3.1,,,11.7,1
106,3.1,3,,,11.8,1
107,3.1,3,,,11.9,1
108,3.0,3,,,12,1
109,3.0,3,,,12.1,1
110,3.0,2.9,,,12.3,1
111,2.9,2.9,,,12.4,2
112,2.9,2.9,,,12.5,1
113,2.9,2.8,,,12.7,1
114,2.9,2.8,,,12.9,2
115,2.8,2.8,,,13,1
116,2.8,2.8,,,13.2,1
117,2.8,2.7,,,13.4,1
118,2.8,2.7,,,13.5,2
119,2.7,2.7,,,13.7,1
120,2.7,2.7,,,13.9,1
121,2.7,2.6,,,14.1,2
122,2.7,2.6,,,14.3,1
123,2.7,2.6,,,14.5,1
124,2.6,2.6,,,14.7,2
125,2.6,2.6,,,14.9,1
126,2.6,2.5,,,15.1,1
127,2.6,2.5,,,15.3,1
128,2.5,2.5,,,15.5,1
129,2.5,2.5,,,15.6,1
130,2.5,2.5,,,15.8,1
131,2.5,2.4,,,16,3
132,2.5,2.4,,,16.1,1
133,2.4,2.4,,,16.2,1
134,2.4,2.4,,,16.3,3
135,2.4,2.4,,,16.4,2
136,2.4,2.3,,,16.5,1
137,2.4,2.3,,,16.6,2
138,2.4,2.3,,,16.7,1
139,2.3,2.3,,,16.8,3
140,2.3,2.3,,,16.9,1
141,2.3,2.3,,,17,1
142,2.3,2.2,,,17.1,2
143,2.3,2.2,,,17.2,2
144,2.3,2.2,,,17.3,1
145,2.2,2.2,,,17.4,3
146,2.2,2.2,,,17.5,1
147,2.2,2.2,,,17.6,1
148,2.2,2.1,,,17.7,2
149,2.2,2.1,,,17.8,1
150,2.2,2.1,,,17.9,1
151,2.1,2.1,,,18,2
152,2.1,2.1,,,18.1,1
153,2.1,2.1,,,18.2,2
154,2.1,2.1,,,18.3,2
155,2.1,2,,,18.4,1
156,2.1,2,,,18.5,1
157,2.1,2,,,18.6,2
158,2.0,2,,,18.7,1
159,2.0,2,,,18.8,1
160,2.0,2,,,18.9,1
161,2.0,2,,,19,2
162,2.0,1.9,,,19.1,1
163,2.0,1.9,,,19.2,1
164,2.0,1.9,,,19.3,3
165,2.0,1.9,,,19.4,2
166,1.9,1.9,,,19.5,1
167,1.9,1.9,,,19.6,1
168,1.9,1.9,,,19.7,3
169,1.9,1.9,,,19.8,2
170,1.9,1.9,,,19.9,2
171,1.9,1.8,,,20,2
172,1.9,1.8,,,20.1,2
173,1.9,1.8,,,20.2,2
174,1.9,1.8,,,20.4,1
175,1.8,1.8,,,20.5,3
176,1.8,1.8,,,20.6,4
177,1.8,1.8,,,20.7,4
178,1.8,1.8,,,20.8,1
179,1.8,1.8,,,20.9,6
180,1.8,1.7,,,21,5
181,1.8,1.7,,,21.1,2
182,1.8,1.7,,,21.2,1
183,1.8,1.7,,,21.3,1
184,1.8,1.7,,,21.4,2
185,1.7,1.7,,,21.5,2
186,1.7,1.7,,,21.6,2
187,1.7,1.7,,,21.8,2
188,1.7,1.7,,,21.9,2
189,1.7,1.7,,,22,1
190,1.7,1.6,,,22.1,3
191,1.7,1.6,,,22.2,3
192,1.7,1.6,,,22.3,3
193,1.7,1.6,,,22.4,3
194,1.7,1.6,,,22.5,2
195,1.7,1.6,,,22.6,2
196,1.6,1.6,,,22.7,2
197,1.6,1.6,,,22.8,3
198,1.6,1.6,,,22.9,1
199,1.6,1.6,,,23,1
200,1.6,1.6,,,23.1,1
201,1.6,1.6,,,23.2,3
202,1.6,1.5,,,23.3,3
203,1.6,1.5,,,23.4,1
204,1.6,1.5,,,23.5,3
205,1.6,1.5,,,23.6,3
206,1.6,1.5,,,23.7,8
207,1.6,1.5,,,23.8,6
208,1.6,1.5,,,23.9,2
209,1.5,1.5,,,24.1,3
210,1.5,1.5,,,24.2,1
211,1.5,1.5,,,24.3,2
212,1.5,1.5,,,24.4,2
213,1.5,1.5,,,24.6,3
214,1.5,1.5,,,24.7,2
215,1.5,1.5,,,24.8,2
216,1.5,1.4,,,24.9,1
217,1.5,1.4,,,25,1
218,1.5,1.4,,,25.1,1
219,1.5,1.4,,,25.2,1
220,1.5,1.4,,,25.3,1
221,1.5,1.4,,,25.4,1
222,1.5,1.4,,,25.5,5
223,1.4,1.4,,,25.6,2
224,1.4,1.4,,,25.7,1
225,1.4,1.4,,,25.8,1
226,1.4,1.4,,,25.9,2
227,1.4,1.4,,,26.1,4
228,1.4,1.4,,,26.2,3
229,1.4,1.4,,,26.3,3
230,1.4,1.4,,,26.4,1
231,1.4,1.3,,,26.5,1
232,1.4,1.3,,,26.6,1
233,1.4,1.3,,,26.7,1
234,1.4,1.3,,,26.8,2
235,1.4,1.3,,,26.9,2
236,1.4,1.3,,,27.1,3
237,1.4,1.3,,,27.2,2
238,1.4,1.3,,,27.3,5
239,1.4,1.3,,,27.4,4
240,1.3,1.3,,,27.6,4
241,1.3,1.3,,,27.7,1
242,1.3,1.3,,,27.8,2
243,1.3,1.3,,,27.9,1
244,1.3,1.3,,,28,1
245,1.3,1.3,,,28.2,1
246,1.3,1.3,,,28.3,2
247,1.3,1.3,,,28.5,1
248,1.3,1.3,,,28.6,1
249,1.3,1.2,,,28.7,1
250,1.3,1.2,,,29,2
251,1.3,1.2,,,29.1,7
,378.285606388,378.2,,,29.2,5
,256.767895318,256.7,,,29.3,2
,218.004476002,218,,,29.4,3
,191.711951172,191.7,,,29.5,8
,177.763604877,177.7,,,29.6,4
,169.977020506,169.9,,,29.7,2
,150.811140172,150.8,,,29.8,2
,144.034139472,144,,,29.9,4
,142.92789373,142.9,,,30,3
,136.897074979,136.8,,,30.1,3
,134.298175714,134.2,,,30.2,4
,132.015780692,132,,,30.3,8
,129.588444035,129.5,,,30.4,5
,127.701024065,127.7,,,30.5,8
,126.97107774,126.9,,,30.6,6
,124.558536578,124.5,,,30.7,5
,121.801927512,121.8,,,30.8,3
,120.824210566,120.8,,,30.9,3
,118.497817664,118.4,,,31,10
,118.013058088,118,,,31.1,11
,116.551346267,116.5,,,31.2,7
,116.291313928,116.2,,,31.3,4
,115.443665977,115.4,,,31.4,3
,113.490390583,113.4,,,31.6,1
,112.353452447,112.3,,,31.7,3
,111.2669706,111.2,,,31.8,2
,111.101312955,111.1,,,31.9,2
,109.003722953,109,,,32,2
,108.872910966,108.8,,,32.1,1
,107.907923547,107.9,,,32.3,3
,107.937916384,107.9,,,32.5,1
,107.037205422,107,,,32.6,1
,106.949135,106.9,,,32.7,1
,106.004678643,106,,,32.8,1
,105.725165539,105.7,,,32.9,3
,104.96398445,104.9,,,33.2,4
,105.433225012,105.4,,,33.3,4
,105.637350673,105.6,,,33.4,1
,105.039679826,105,,,33.5,1
,104.942423431,104.9,,,33.6,1
,105.14678557,105.1,,,33.7,3
,104.717708126,104.7,,,33.8,3
,104.728459614,104.7,,,33.9,5
,104.931418298,104.9,,,34,1
,104.132078446,104.1,,,34.1,1
,101.473720908,101.4,,,34.2,1
,95.8127951396,95.8,,,34.3,7
,88.533198837,88.5,,,34.4,4
,81.6831308112,81.6,,,34.5,6
,75.7485819293,75.7,,,34.6,1
,70.6179545973,70.6,,,34.7,2
,66.1382568938,66.1,,,34.8,1
,62.1930017701,62.1,,,34.9,3
,58.6919320916,58.6,,,35,6
,55.5640312127,55.5,,,35.1,1
,52.7526554177,52.7,,,35.2,3
,50.212072899,50.2,,,35.3,1
,47.9049568864,47.9,,,35.4,1
,45.8005395218,45.8,,,35.6,3
,43.8732318496,43.8,,,35.7,1
,42.1015781649,42.1,,,35.8,3
,40.4674538765,40.4,,,36,2
,38.9554431951,38.9,,,36.1,2
,37.5523513065,37.5,,,36.2,2
,36.2468183032,36.2,,,36.3,2
,35.0290109419,35,,,36.4,1
,33.8903745181,33.8,,,36.5,2
,32.8234316105,32.8,,,36.6,1
,31.8216176802,31.8,,,36.8,2
,30.8791458854,30.8,,,37,1
,29.9908952271,29.9,,,37.1,4
,29.152317461,29.1,,,37.2,3
,28.3593592012,28.3,,,37.3,5
,27.6083964007,27.6,,,37.5,2
,26.8961789721,26.8,,,37.6,2
,26.2197837661,26.2,,,37.7,1
,25.5765744695,25.5,,,37.8,3
,24.9641672655,24.9,,,37.9,2
,24.3804013113,24.3,,,38,4
,23.8233132637,23.8,,,38.1,3
,23.2911152193,23.2,,,38.2,2
,22.7821755457,22.7,,,38.3,3
,22.2950021742,22.2,,,38.4,2
,21.8282279892,21.8,,,38.5,1
,21.3805980165,21.3,,,38.6,1
,20.950958156,20.9,,,38.8,1
,20.5382452461,20.5,,,38.9,3
,20.1414782798,20.1,,,39,1
,19.7597506193,19.7,,,39.1,2
,19.39222308,19.3,,,39.3,2
,19.0381177722,19,,,39.5,1
,18.6967126045,18.6,,,39.8,2
,18.3673363694,18.3,,,39.9,1
,18.0493643389,18,,,40,1
,17.7422143093,17.7,,,40.2,2
,17.4453430439,17.4,,,40.4,1
,17.1582430662,17.1,,,40.6,2
,16.8804397655,16.8,,,40.7,3
,16.6114887782,16.6,,,41,1
,16.3509736164,16.3,,,41.2,3
,16.0985035154,16,,,41.3,1
,15.8537114785,15.8,,,41.4,1
,15.6162524965,15.6,,,41.5,1
,15.3858019254,15.3,,,41.6,1
,15.1620540061,15.1,,,41.7,2
,14.9447205102,14.9,,,41.8,2
,14.7335295019,14.7,,,41.9,1
,14.5282242026,14.5,,,42,1
,14.3285619492,14.3,,,42.1,1
,14.1343132378,14.1,,,42.2,3
,13.9452608431,13.9,,,42.3,2
,13.7611990084,13.7,,,42.4,2
,13.5819326986,13.5,,,42.8,1
,13.4072769106,13.4,,,43,1
,13.2370560367,13.2,,,43.2,1
,13.0711032756,13,,,43.3,2
,12.9092600871,12.9,,,43.6,2
,12.751375687,12.7,,,43.7,1
,12.5973065786,12.5,,,43.8,2
,12.4469161176,12.4,,,43.9,1
,12.3000741078,12.3,,,44,2
,12.1566564255,12.1,,,44.1,1
,12.0165446692,12,,,44.2,1
,11.8796258338,11.8,,,44.4,3
,11.7457920066,11.7,,,44.7,1
,11.6149400837,11.6,,,44.9,1
,11.4869715049,11.4,,,45,1
,11.3617920064,11.3,,,45.6,2
,11.2393113888,11.2,,,45.8,1
,11.119443301,11.1,,,45.9,3
,11.0021050365,11,,,46,1
,10.8872173434,10.8,,,46.2,2
,10.7747042462,10.7,,,46.3,1
,10.6644928775,10.6,,,46.4,1
,10.5565133214,10.5,,,46.8,1
,10.4506984651,10.4,,,46.9,1
,10.3469838601,10.3,,,47.2,2
,10.2453075908,10.2,,,47.3,1
,10.1456101521,10.1,,,47.5,2
,10.0478343325,10,,,47.9,1
,9.9519251048,9.9,,,48.2,1
,9.857829523,9.8,,,48.3,1
,9.765496625,9.7,,,48.5,1
,9.6748773401,9.6,,,48.8,2
,9.5859244021,9.5,,,48.9,1
,9.4985922677,9.4,,,49.4,1
,9.412837038,9.4,,,49.6,1
,9.3286163852,9.3,,,49.7,1
,9.2458894831,9.2,,,49.9,1
,9.164616941,9.1,,,50,1
,9.084760741,9,,,50.2,2
,9.0062841788,9,,,50.3,1
,8.9291518077,8.9,,,50.7,1
,8.8533293848,8.8,,,50.8,1
,8.7787838206,8.7,,,51,1
,8.7054831308,8.7,,,51.1,1
,8.6333963903,8.6,,,51.6,1
,8.56249369,8.5,,,51.7,2
,8.4927460956,8.4,,,51.8,2
,8.4241256074,8.4,,,51.9,1
,8.3566051239,8.3,,,52.1,1
,8.2901584052,8.2,,,52.7,3
,8.2247600397,8.2,,,53.4,1
,8.1603854112,8.1,,,53.5,1
,8.0970106682,8,,,54,1
,8.0346126944,8,,,54.3,3
,7.9731690808,7.9,,,54.8,1
,7.9126580984,7.9,,,55,1
,7.8530586731,7.8,,,55.2,1
,7.7943503609,7.7,,,55.3,1
,7.7365133246,7.7,,,55.5,1
,7.6795283114,7.6,,,55.6,2
,7.6233766318,7.6,,,56,1
,7.5680401388,7.5,,,56.1,1
,7.5135012083,7.5,,,56.3,1
,7.4597427211,7.4,,,56.7,1
,7.4067480441,7.4,,,56.8,1
,7.3545010135,7.3,,,56.9,1
,7.3029859185,7.3,,,57,1
,7.2521874856,7.2,,,57.1,1
,7.2020908629,7.2,,,58,1
,7.1526816064,7.1,,,58.6,1
,7.1039456657,7.1,,,58.8,1
,7.0558693706,7,,,59,2
,7.0084394186,7,,,59.3,2
,6.9616428626,6.9,,,59.6,1
,6.9154670987,6.9,,,59.9,1
,6.8698998555,6.8,,,60,2
,6.8249291828,6.8,,,60.1,1
,6.7805434411,6.7,,,60.2,1
,6.736731292,6.7,,,60.3,1
,6.6934816882,6.6,,,60.5,1
,6.6507838641,6.6,,,60.6,2
,6.6086273274,6.6,,,60.7,2
,6.5670018498,6.5,,,60.8,1
,6.5258974592,6.5,,,61,1
,6.4853044318,6.4,,,61.1,1
,6.445213284,6.4,,,61.2,1
,6.4056147654,6.4,,,61.4,3
,6.3664998515,6.3,,,61.5,1
,6.3278597368,6.3,,,61.7,3
,6.2896858285,6.2,,,61.8,2
,6.2519697397,6.2,,,61.9,2
,6.2147032836,6.2,,,62.1,3
,6.1778784674,6.1,,,62.2,4
,6.1414874866,6.1,,,62.4,6
,6.1055227195,6.1,,,62.5,4
,6.069976722,6,,,62.6,2
,6.0348422222,6,,,62.7,3
,6.0001121157,6,,,62.8,2
,5.9657794607,5.9,,,62.9,3
,5.9318374734,5.9,,,63,3
,5.8982795234,5.8,,,63.1,4
,5.8650991296,5.8,,,63.2,6
,5.8322899559,5.8,,,63.3,3
,5.7998458071,5.7,,,63.4,3
,5.7677606253,5.7,,,63.5,3
,5.7360284857,5.7,,,63.6,4
,5.7046435932,5.7,,,63.7,4
,5.673600279,5.6,,,63.8,2
,5.6428929969,5.6,,,63.9,1
,5.61251632,5.6,,,64,1
,5.582464938,5.5,,,64.1,2
,5.5527336533,5.5,,,64.2,3
,5.5233173787,5.5,,,64.3,3
,5.4942111342,5.4,,,64.4,3
,5.4654100442,5.4,,,64.5,2
,5.4369093348,5.4,,,64.6,3
,5.4087043311,5.4,,,64.7,2
,5.3807904548,5.3,,,65.1,1
,5.3531632215,5.3,,,65.6,3
,5.3258182387,5.3,,,65.8,2
,5.2987512028,5.2,,,66.1,3
,5.2719578977,5.2,,,66.6,2
,5.2454341917,5.2,,,66.7,2
,5.2191760361,5.2,,,66.9,1
,5.1931794628,5.1,,,67.1,1
,5.1674405824,5.1,,,67.3,3
,5.1419555822,5.1,,,67.4,1
,5.1167207243,5.1,,,67.6,2
,5.0917323439,5,,,67.7,3
,5.0669868474,5,,,67.8,2
,5.0424807107,5,,,68,3
,5.0182104776,5,,,68.1,1
,4.9941727581,4.9,,,68.2,1
,4.9703642268,4.9,,,68.3,2
,4.9467816215,4.9,,,68.4,3
,4.9234217415,4.9,,,68.5,3
,4.9002814465,4.9,,,68.6,2
,4.8773576546,4.8,,,68.8,2
,4.8546473416,4.8,,,68.9,4
,0,0,,,69,2
,294.618397253,294.6,,,69.2,1
,231.030301043,231,,,69.4,3
,184.54883536,184.5,,,69.5,1
,151.258846183,151.2,,,69.6,1
,131.755331792,131.7,,,69.7,2
,124.684826388,124.6,,,69.8,1
,111.566070908,111.5,,,69.9,2
,107.486222289,107.4,,,70,1
,102.045560408,102,,,70.1,2
,104.30396197,104.3,,,70.3,1
,94.5903270582,94.5,,,70.4,1
,95.8966474502,95.8,,,70.5,2
,94.1449165177,94.1,,,70.6,3
,86.7271579716,86.7,,,70.8,1
,83.5122347288,83.5,,,71.1,2
,78.234836583,78.2,,,71.3,2
,73.3965742234,73.3,,,71.4,2
,73.0806510159,73,,,71.9,4
,70.5938448936,70.5,,,72.2,1
,66.6971583295,66.6,,,72.6,1
,67.4894153631,67.4,,,72.7,1
,68.5012585978,68.5,,,72.9,3
,67.6595200315,67.6,,,73,2
,67.7368516525,67.7,,,73.1,2
,68.4875969702,68.4,,,73.3,2
,68.0248605252,68,,,73.6,1
,67.6472617694,67.6,,,73.7,1
,67.7157961664,67.7,,,73.8,1
,65.667145084,65.6,,,73.9,1
,64.4315710061,64.4,,,74.2,2
,64.2154611108,64.2,,,74.3,1
,63.6291509472,63.6,,,74.4,1
,62.5135345612,62.5,,,74.5,1
,62.4159509116,62.4,,,75.4,3
,61.8365008265,61.8,,,75.6,1
,60.7744828765,60.7,,,75.7,1
,61.9970299935,61.9,,,75.9,4
,60.1957055257,60.1,,,76,1
,59.3154343969,59.3,,,76.1,2
,59.058076147,59,,,76.4,1
,56.9554561728,56.9,,,76.7,1
,55.6195406512,55.6,,,76.8,1
,56.0026473979,56,,,77.1,2
,56.7427410122,56.7,,,77.2,1
,56.8071133925,56.8,,,77.3,2
,55.6149078343,55.6,,,77.5,2
,53.4708293388,53.4,,,77.7,1
,52.7133890146,52.7,,,77.8,1
,51.7620474918,51.7,,,77.9,1
,51.7146437776,51.7,,,78,1
,51.6651698225,51.6,,,78.2,1
,50.079761539,50,,,78.5,4
,48.3217675645,48.3,,,78.6,1
,47.5176247612,47.5,,,78.7,2
,47.2412939336,47.2,,,79.5,2
,47.2529968127,47.2,,,79.6,2
,46.8518598798,46.8,,,79.7,2
,46.3118938927,46.3,,,79.9,1
,45.9816914495,45.9,,,80.1,1
,46.0679287188,46,,,80.3,1
,45.6754167013,45.6,,,80.5,1
,46.4445893856,46.4,,,80.9,1
,45.9578735921,45.9,,,81.2,2
,44.9865050118,44.9,,,81.3,1
,44.4771457556,44.4,,,81.5,2
,44.1794732569,44.1,,,81.6,1
,44.4806212218,44.4,,,81.7,2
,43.8973756002,43.8,,,81.9,3
,44.0566236432,44,,,82.1,1
,43.7352274854,43.7,,,82.4,2
,43.0715507381,43,,,82.6,1
,42.4571974329,42.4,,,82.9,1
,42.2109072191,42.2,,,83.1,1
,41.6499111338,41.6,,,83.4,2
,41.2954665255,41.2,,,83.5,3
,40.7730391628,40.7,,,83.6,2
,41.3802792379,41.3,,,83.7,1
,41.2794475478,41.2,,,83.8,1
,40.6713183567,40.6,,,84,1
,40.7317163373,40.7,,,84.1,1
,40.0794436561,40,,,84.4,2
,39.396198533,39.3,,,84.5,1
,39.1092026563,39.1,,,84.6,2
,38.5612226958,38.5,,,85.4,2
,38.3659692446,38.3,,,85.5,1
,38.3331560749,38.3,,,85.6,3
,38.1678732425,38.1,,,85.8,1
,38.0370612205,38,,,86,1
,37.8705212297,37.8,,,86.4,1
,37.8877100501,37.8,,,86.7,2
,37.7151948995,37.7,,,87,1
,37.1958176135,37.1,,,87.3,1
,37.3836137846,37.3,,,87.4,1
,37.133727769,37.1,,,87.6,1
,37.0658002026,37,,,87.7,1
,37.3979195992,37.3,,,87.8,1
,37.3185468937,37.3,,,88.2,1
,37.2896434557,37.2,,,88.3,1
,37.9834373793,37.9,,,88.5,1
,38.1708437529,38.1,,,88.8,1
,37.9866275653,37.9,,,89.3,2
,37.8220506012,37.8,,,89.4,2
,37.516638176,37.5,,,89.5,2
,37.3509136548,37.3,,,89.6,2
,37.3127941532,37.3,,,90.1,2
,37.6266039805,37.6,,,90.4,1
,37.1788864339,37.1,,,90.6,1
,37.1368100401,37.1,,,90.9,3
,36.5786648379,36.5,,,91,1
,36.6454301692,36.6,,,91.2,1
,36.5019450256,36.5,,,91.4,2
,36.2599890995,36.2,,,91.5,1
,36.3223552329,36.3,,,91.6,1
,36.3453847818,36.3,,,91.8,1
,36.1776061129,36.1,,,92.1,2
,35.8431121596,35.8,,,92.2,1
,35.7462330178,35.7,,,92.3,1
,35.8503925328,35.8,,,92.4,1
,36.1404586187,36.1,,,92.5,3
,35.6819085246,35.6,,,92.6,1
,35.4907055647,35.4,,,92.7,2
,35.646201963,35.6,,,93,1
,35.0310198023,35,,,93.1,2
,34.4930899688,34.4,,,93.2,3
,34.5051923069,34.5,,,93.3,3
,34.8187530677,34.8,,,93.4,5
,35.0049409016,35,,,93.5,3
,35.2283799292,35.2,,,93.6,1
,35.0205606082,35,,,93.8,3
,34.9464890861,34.9,,,93.9,1
,35.004350133,35,,,94,1
,34.7130988071,34.7,,,94.1,1
,34.5446831139,34.5,,,94.2,1
,34.5499298587,34.5,,,94.3,5
,34.571301143,34.5,,,94.4,2
,34.7437220502,34.7,,,94.5,1
,34.5062117824,34.5,,,94.6,1
,34.3715912611,34.3,,,94.7,3
,34.5620141131,34.5,,,94.8,2
,34.3589616161,34.3,,,94.9,2
,34.3827024454,34.3,,,95,2
,34.4449192495,34.4,,,95.1,3
,34.3875762464,34.3,,,95.2,1
,34.4408304128,34.4,,,95.4,1
,34.3472228465,34.3,,,95.5,2
,34.3910120498,34.3,,,95.6,1
,34.3285824735,34.3,,,95.8,3
,34.1371293623,34.1,,,95.9,2
,33.9559904984,33.9,,,96.1,2
,33.8958394246,33.8,,,96.2,2
,33.7414975425,33.7,,,96.3,3
,33.7952768615,33.7,,,96.4,2
,33.904106057,33.9,,,96.5,4
,34.0095282122,34,,,96.7,1
,33.7390908196,33.7,,,96.8,3
,33.3322725443,33.3,,,97,1
,33.406414989,33.4,,,97.1,2
,33.3691396738,33.3,,,97.2,1
,33.3504821482,33.3,,,97.3,1
,33.3904736066,33.3,,,97.4,1
,33.2600588571,33.2,,,97.5,1
,33.2093947512,33.2,,,97.6,1
,32.9154102946,32.9,,,97.7,2
,32.7351709567,32.7,,,97.8,3
,32.5270777781,32.5,,,97.9,1
,32.3178775358,32.3,,,98,1
,31.9329921191,31.9,,,98.3,3
,31.8236919681,31.8,,,98.4,4
,31.6192128725,31.6,,,98.5,2
,31.4897596877,31.4,,,98.6,3
,31.3897912895,31.3,,,98.7,2
,31.4355045083,31.4,,,98.8,3
,31.3103522624,31.3,,,98.9,1
,31.3428499332,31.3,,,99,1
,31.1000701455,31.1,,,99.1,1
,31.2196334594,31.2,,,99.2,4
,31.2302810245,31.2,,,99.3,1
,31.0330497176,31,,,99.4,1
,31.0173445545,31,,,99.5,2
,31.0488497517,31,,,99.6,2
,31.0652023663,31,,,99.7,1
,31.053487546,31,,,99.8,3
,31.2118111756,31.2,,,99.9,1
,31.0979986045,31,,,100,2
,31.0044425269,31,,,100.2,2
,31.1415017452,31.1,,,100.3,2
,31.2582723317,31.2,,,100.4,3
,31.1823570558,31.1,,,100.5,1
,31.1557365589,31.1,,,100.6,1
,30.9162869149,30.9,,,100.7,1
,31.1891778038,31.1,,,101.1,1
,31.1880921501,31.1,,,101.3,2
,31.1382732439,31.1,,,101.4,1
,31.1209135191,31.1,,,101.6,1
,31.1620312965,31.1,,,101.7,1
,31.2619962877,31.2,,,101.8,1
,31.2154076619,31.2,,,102,2
,31.0611654318,31,,,102.1,1
,30.9510869728,30.9,,,102.2,2
,31.1330340686,31.1,,,102.3,1
,31.0441059435,31,,,102.4,1
,30.820988974,30.8,,,102.5,1
,30.7571640283,30.7,,,102.6,1
,30.5890120694,30.5,,,103,1
,30.5820991927,30.5,,,103.2,1
,30.6258888119,30.6,,,103.3,1
,30.5290399025,30.5,,,103.6,1
,30.5801215859,30.5,,,103.7,1
,30.6499129952,30.6,,,103.9,1
,30.4571872039,30.4,,,104,2
,30.414662775,30.4,,,104.1,3
,30.6149949276,30.6,,,104.3,1
,30.3439021736,30.3,,,104.4,1
,30.4203742454,30.4,,,104.5,1
,30.2842956,30.2,,,104.7,2
,30.3506714269,30.3,,,104.9,3
,30.3385709277,30.3,,,105,4
,30.4645921081,30.4,,,105.1,2
,30.3903124254,30.3,,,105.3,1
,30.3035747882,30.3,,,105.4,2
,30.2693576748,30.2,,,105.5,2
,30.2057963629,30.2,,,105.6,1
,30.1488213984,30.1,,,105.7,2
,30.0332976351,30,,,105.9,1
,29.931497759,29.9,,,106,2
,29.8364370366,29.8,,,106.1,1
,29.7718301818,29.7,,,106.2,1
,29.5095129734,29.5,,,106.3,2
,29.5245946727,29.5,,,106.8,2
,29.6427776282,29.6,,,106.9,3
,29.6539506221,29.6,,,107,2
,29.7459454006,29.7,,,107.2,1
,29.6671118907,29.6,,,107.3,1
,29.5964727894,29.5,,,107.4,1
,29.603313265,29.6,,,107.6,3
,29.5128498139,29.5,,,107.7,3
,29.5139110294,29.5,,,107.9,3
,29.4284379004,29.4,,,108.2,2
,29.5071543944,29.5,,,108.3,1
,29.4424106784,29.4,,,108.4,1
,29.4287934057,29.4,,,108.5,2
,29.3528993384,29.3,,,108.8,2
,29.1820260399,29.1,,,108.9,2
,29.2114415408,29.2,,,109,2
,29.1406194588,29.1,,,109.4,1
,29.1511798518,29.1,,,109.5,1
,29.2195331322,29.2,,,110,1
,29.270287254,29.2,,,110.1,1
,29.1431651753,29.1,,,110.2,2
,29.1906338673,29.1,,,110.4,3
,29.1273682573,29.1,,,110.8,1
,0,0,,,110.9,1
,324.03703492,324,,,111.1,1
,258.43123573,258.4,,,111.2,3
,192.209376578,192.2,,,111.4,2
,160.993012271,160.9,,,111.5,1
,132.755414202,132.7,,,111.6,1
,134.257215821,134.2,,,111.7,1
,124.44980957,124.4,,,112.1,1
,110.028405423,110,,,112.2,1
,101.671220299,101.6,,,112.3,1
,99.2572415494,99.2,,,112.4,1
,94.4448765722,94.4,,,112.8,1
,87.7654703045,87.7,,,113,1
,85.6751812743,85.6,,,113.2,1
,82.4033137832,82.4,,,113.4,1
,81.9671658565,81.9,,,113.6,1
,78.7450395263,78.7,,,113.9,1
,75.9165449642,75.9,,,114,1
,77.5088075187,77.5,,,114.2,1
,75.4130679618,75.4,,,114.3,1
,73.7324818299,73.7,,,114.4,2
,72.2202801833,72.2,,,114.7,4
,70.8851717562,70.8,,,114.8,2
,68.625673316,68.6,,,114.9,1
,68.9704249785,68.9,,,115,1
,67.3286914405,67.3,,,115.1,1
,66.1990477197,66.1,,,115.3,2
,64.5353588131,64.5,,,115.4,4
,64.1024957565,64.1,,,115.5,1
,63.9605576281,63.9,,,115.7,1
,63.1942545306,63.1,,,115.8,1
,61.8248659488,61.8,,,115.9,3
,63.3310224232,63.3,,,116,5
,62.1593552231,62.1,,,116.1,3
,63.7379785674,63.7,,,116.2,2
,62.9927109486,62.9,,,116.3,2
,61.4711615614,61.4,,,116.4,1
,60.0346868326,60,,,116.5,4
,59.3442933428,59.3,,,116.6,2
,58.8510416382,58.8,,,116.7,3
,57.125410283,57.1,,,116.8,1
,55.0292675976,55,,,117.1,1
,55.3938388623,55.3,,,117.3,1
,56.327971472,56.3,,,117.5,1
,54.8570086322,54.8,,,117.6,1
,54.041658212,54,,,117.7,2
,54.3764129744,54.3,,,118,3
,54.3067616491,54.3,,,118.4,3
,52.1803823989,52.1,,,118.5,1
,51.8464925188,51.8,,,118.6,1
,51.8802884697,51.8,,,118.7,1
,51.0121964367,51,,,118.9,2
,50.8431661814,50.8,,,119,1
,49.7320599291,49.7,,,119.3,2
,49.9029253369,49.9,,,119.5,1
,50.7165612385,50.7,,,119.9,1
,49.4086299715,49.4,,,120,1
,48.870803017,48.8,,,120.1,1
,48.8882911923,48.8,,,120.4,1
,48.5167323099,48.5,,,120.5,1
,47.3056580671,47.3,,,120.6,1
,46.2449429862,46.2,,,120.8,2
,45.9670838753,45.9,,,121.5,1
,44.7568364202,44.7,,,121.7,3
,44.0787490933,44,,,121.8,1
,43.6779991828,43.6,,,121.9,1
,43.6276859208,43.6,,,122.2,1
,44.228363616,44.2,,,123.1,1
,43.3313592204,43.3,,,123.3,1
,42.4378689105,42.4,,,123.5,1
,42.3997232581,42.3,,,123.6,2
,41.8381768116,41.8,,,124,1
,41.5758977625,41.5,,,124.1,1
,41.798168943,41.7,,,124.2,1
,41.8720068249,41.8,,,124.4,2
,42.3914455696,42.3,,,124.5,1
,42.2454388779,42.2,,,124.6,2
,41.9509732124,41.9,,,124.7,1
,42.0971584424,42,,,125.2,1
,41.4822142202,41.4,,,125.4,1
,41.0024756832,41,,,125.7,2
,40.6240295776,40.6,,,125.8,2
,39.9150541136,39.9,,,126,1
,40.2408416408,40.2,,,126.2,2
,39.5822275058,39.5,,,126.3,1
,39.8002891774,39.8,,,126.7,1
,39.0790173104,39,,,126.8,2
,38.9948389483,38.9,,,126.9,2
,39.1771436582,39.1,,,127.4,1
,38.8473026414,38.8,,,127.7,2
,38.6043740591,38.6,,,127.8,1
,38.1665384222,38.1,,,127.9,2
,38.4013695086,38.4,,,128.5,1
,38.2849996384,38.2,,,128.9,2
,38.0979613847,38,,,129.1,1
,38.210426999,38.2,,,129.4,1
,38.3389114719,38.3,,,129.5,1
,37.2766404144,37.2,,,129.8,1
,36.8720557771,36.8,,,130.1,1
,36.0129130601,36,,,130.2,1
,35.8545578363,35.8,,,130.3,1
,35.2297590081,35.2,,,130.4,1
,35.0476270839,35,,,130.5,3
,35.2281872041,35.2,,,130.6,1
,35.1476527116,35.1,,,130.8,1
,34.9185365171,34.9,,,130.9,1
,34.4740016016,34.4,,,131.3,1
,33.9529826834,33.9,,,131.6,3
,33.8041493189,33.8,,,131.7,2
,33.666193197,33.6,,,131.8,1
,33.2134214785,33.2,,,131.9,1
,32.9516783645,32.9,,,132,1
,32.3667868175,32.3,,,132.2,2
,32.1061553254,32.1,,,132.7,2
,32.0628089866,32,,,133.2,1
,31.7242969559,31.7,,,133.3,1
,31.9032534645,31.9,,,133.4,3
,31.7065144189,31.7,,,133.7,1
,31.2377250532,31.2,,,134.2,2
,31.0984231161,31,,,134.7,1
,31.329021824,31.3,,,135.1,2
,30.711029105,30.7,,,135.7,1
,30.7832763183,30.7,,,135.9,1
,30.903713115,30.9,,,136.8,2
,30.6967393335,30.6,,,137.4,2
,30.2936182123,30.2,,,137.6,1
,30.419358251,30.4,,,138.1,1
,30.3711445766,30.3,,,138.2,2
,30.7990474596,30.7,,,138.3,1
,30.6744747557,30.6,,,139,1
,30.7824392254,30.7,,,139.1,1
,30.1872641022,30.1,,,139.6,1
,30.0457637444,30,,,140.1,1
,30.3114516996,30.3,,,140.8,1
,30.5368103597,30.5,,,141,1
,30.5342470991,30.5,,,141.5,1
,30.5266474929,30.5,,,141.6,2
,30.188064727,30.1,,,142.5,1
,29.9947646689,29.9,,,142.6,1
,29.9233142431,29.9,,,142.9,1
,29.5769575596,29.5,,,144,1
,29.3015274516,29.3,,,144.2,1
,29.2539859115,29.2,,,146.1,1
,29.0622291589,29,,,146.6,1
,28.6965286605,28.6,,,146.8,1
,28.2071257647,28.2,,,147.6,1
,27.8584046068,27.8,,,148,1
,27.7076250773,27.7,,,148.2,1
,27.6537214884,27.6,,,148.5,2
,27.2821461926,27.2,,,148.6,1
,27.6802563249,27.6,,,148.7,2
,27.3267462379,27.3,,,149.4,1
,27.3096257514,27.3,,,149.5,1
,27.4364189372,27.4,,,149.9,1
,27.44110146,27.4,,,150.1,1
,27.1453771614,27.1,,,150.2,1
,27.208989612,27.2,,,150.8,1
,27.4467242537,27.4,,,151.2,2
,27.3374463083,27.3,,,153.1,1
,27.3423770021,27.3,,,153.9,1
,27.3519823929,27.3,,,154.4,1
,27.1097801237,27.1,,,155.1,1
,26.8304019908,26.8,,,155.4,1
,26.9684586759,26.9,,,155.5,1
,26.6116831569,26.6,,,158,1
,26.4883700617,26.4,,,160.3,1
,26.3331615668,26.3,,,160.9,2
,26.3513271256,26.3,,,161.8,1
,26.1555915826,26.1,,,162.8,1
,25.8596487325,25.8,,,163.4,1
,26.240100725,26.2,,,164.1,1
,26.2076018102,26.2,,,164.2,1
,26.1514075405,26.1,,,164.6,1
,26.1171629368,26.1,,,165.7,1
,25.9369253666,25.9,,,167.4,1
,25.6702284727,25.6,,,167.8,1
,25.5519048873,25.5,,,168.4,1
,25.5304055927,25.5,,,169.9,1
,25.5570811518,25.5,,,170.9,1
,25.4613300233,25.4,,,171.8,1
,25.2795136814,25.2,,,173.1,1
,24.8668668318,24.8,,,175,1
,24.7334524095,24.7,,,177.3,1
,24.6586275212,24.6,,,177.7,1
,24.6468279287,24.6,,,178.6,1
,24.7961513289,24.7,,,179.9,1
,24.3904642187,24.3,,,180.8,1
,24.4248808818,24.4,,,181.7,1
,24.1711518783,24.1,,,181.9,1
,24.1731187737,24.1,,,183.4,1
,23.9104656213,23.9,,,184.5,1
,23.6935785314,23.6,,,186.9,1
,23.7225491063,23.7,,,187.6,1
,23.835937686,23.8,,,187.9,1
,23.797718218,23.7,,,189.7,1
,23.7396602035,23.7,,,189.9,1
,23.8414287595,23.8,,,191.4,1
,23.8289382162,23.8,,,191.7,1
,23.8399275466,23.8,,,192.1,1
,23.8028903413,23.8,,,192.2,1
,23.7145412395,23.7,,,194.4,1
,23.5287921511,23.5,,,194.9,1
,23.7260460125,23.7,,,196.3,1
,23.5170816535,23.5,,,198.4,1
,23.6062998783,23.6,,,201,1
,23.3896139436,23.3,,,201.9,1
,23.3879998291,23.3,,,202.2,1
,23.709772066,23.7,,,203,1
,23.5470874669,23.5,,,203.5,1
,23.2810882541,23.2,,,204.9,1
,23.2356575013,23.2,,,205.5,1
,23.0392057541,23,,,206.7,1
,22.8278118933,22.8,,,208.4,1
,22.8466134968,22.8,,,212.1,1
,22.4859725803,22.4,,,212.9,1
,22.6315604757,22.6,,,213.3,1
,22.7373627247,22.7,,,213.9,1
,22.5319635582,22.5,,,214.1,1
,22.4683066726,22.4,,,214.8,2
,22.3586339345,22.3,,,218,1
,22.3934634786,22.3,,,221.1,1
,22.3649912264,22.3,,,226,1
,22.1886547032,22.1,,,226.9,1
,22.1916789991,22.1,,,228.6,1
,22.2122131601,22.2,,,231,1
,21.9071533216,21.9,,,232.5,1
,21.6959640184,21.6,,,233.7,1
,21.5628440713,21.5,,,234.8,1
,21.4924594555,21.4,,,235.5,1
,21.1200162513,21.1,,,236,1
,20.9563160413,20.9,,,239.8,1
,20.9458367389,20.9,,,240.1,2
,21.0761516077,21,,,243.4,1
,21.088823489,21,,,244.4,1
,20.9621651399,20.9,,,244.5,1
,21.0535736738,21,,,246,1
,21.0999569367,21,,,249.6,1
,20.9724061347,20.9,,,252,1
,20.8380803168,20.8,,,252.2,1
,20.6426691992,20.6,,,254.2,1
,20.7164091474,20.7,,,255.3,1
,20.7136935365,20.7,,,255.9,1
,20.7564934626,20.7,,,256.7,1
,20.6753663567,20.6,,,258.2,1
,20.5400229984,20.5,,,258.4,1
,20.2727371619,20.2,,,264.4,1
,20.0845723862,20,,,270.4,2
,19.9885747152,19.9,,,271.3,2
,19.8124886357,19.8,,,271.9,1
,19.7088479826,19.7,,,280.3,1
,19.6056793615,19.6,,,281.8,1
,19.4797707377,19.4,,,285.5,1
,0,0,,,286.7,1
,1311.48770486,1311.4,,,294.2,1
,844.097150807,844,,,294.6,1
,757.921133393,757.9,,,301.7,1
,568.858506133,568.8,,,306.4,1
,563.224841624,563.2,,,315.5,1
,476.313972081,476.3,,,322.8,1
,468.401537145,468.4,,,324,1
,451.924895432,451.9,,,325,1
,463.790945164,463.7,,,326,1
,448.565572313,448.5,,,326.4,1
,441.258587763,441.2,,,328,1
,446.033946008,446,,,332.1,1
,424.229200081,424.2,,,333.2,1
,421.241551185,421.2,,,336.8,1
,419.908953717,419.9,,,338.8,1
,405.322900312,405.3,,,339.9,1
,404.775215653,404.7,,,342.6,1
,395.706962284,395.7,,,348.6,1
,392.316998805,392.3,,,348.7,1
,386.419109117,386.4,,,356.7,1
,393.666698347,393.6,,,361.8,1
,384.443529574,384.4,,,364.2,1
,387.425012739,387.4,,,364.5,1
,380.862477244,380.8,,,365.3,1
,374.963359091,374.9,,,365.8,1
,368.245119777,368.2,,,365.9,1
,373.348439254,373.3,,,366.2,1
,370.322863925,370.3,,,366.4,1
,370.696718168,370.6,,,367.6,1
,369.656741905,369.6,,,368.2,1
,369.853497993,369.8,,,369.2,2
,369.230035297,369.2,,,369.6,1
,369.283441547,369.2,,,369.8,1
,370.486607388,370.4,,,370.3,1
,365.958403095,365.9,,,370.4,1
,365.842722982,365.8,,,370.6,1
,366.2852097,366.2,,,373.3,2
,366.418430483,366.4,,,374.9,1
,365.359570334,365.3,,,378.2,1
,364.533303275,364.5,,,380.8,1
,361.890514037,361.8,,,384.4,1
,356.736642053,356.7,,,386.2,1
,348.778837087,348.7,,,386.4,1
,339.932091916,339.9,,,387.4,1
,328.061013156,328,,,387.5,1
,315.541168571,315.5,,,392.3,1
,301.791589024,301.7,,,393.6,1
,286.722008814,286.7,,,395.6,1
,271.30440521,271.3,,,395.7,1
,255.338288406,255.3,,,403.9,1
,240.125071238,240.1,,,404.7,1
,226.013882384,226,,,405.3,1
,212.998397801,212.9,,,415,1
,201.008566922,201,,,419.9,1
,189.941764443,189.9,,,421.2,1
,179.974376408,179.9,,,423.6,1
,170.998024087,170.9,,,424.2,1
,162.869091077,162.8,,,428.1,1
,155.472183408,155.4,,,435.8,1
,148.793867929,148.7,,,440.3,1
,142.608554709,142.6,,,441.2,1
,136.893210978,136.8,,,446,1
,131.638987903,131.6,,,448.5,1
,126.772794843,126.7,,,451.6,1
,122.251763893,122.2,,,451.9,1
,118.041100177,118,,,463.7,1
,114.099448104,114,,,468.4,1
,110.435696507,110.4,,,470.7,1
,106.98206893,106.9,,,475.6,1
,103.77565114,103.7,,,476.3,1
,100.728720298,100.7,,,491,1
,97.8571001157,97.8,,,499.3,1
,95.1503165052,95.1,,,563.2,1
,92.569403464,92.5,,,568.8,1
,90.1499815253,90.1,,,577.3,1
,87.8401180847,87.8,,,610.3,1
,85.6424859864,85.6,,,616.4,1
,83.5476676252,83.5,,,700,1
,81.5617625538,81.5,,,722.8,1
,79.6704609567,79.6,,,757.9,1
,77.8938772402,77.8,,,844,1
,76.1605323275,76.1,,,938,1
,74.4978986999,74.4,,,948.6,1
,72.9058227941,72.9,,,1058.3,1
,71.3973221556,71.3,,,1311.4,1
,69.9337956394,69.9,,,,
,68.5366799714,68.5,,,,
,67.1827193976,67.1,,,,
,65.8878897635,65.8,,,,
,64.6417526144,64.6,,,,
,63.437231684,63.4,,,,
,62.2882741044,62.2,,,,
,61.1745500513,61.1,,,,
,60.0974687954,60,,,,
,59.0556077253,59,,,,
,58.045077036,58,,,,
,57.0781043834,57,,,,
,56.1461146163,56.1,,,,
,55.2358955964,55.2,,,,
,54.3589986172,54.3,,,,
,53.5136016953,53.5,,,,
,52.7002492239,52.7,,,,
,51.9022324754,51.9,,,,
,51.1274784429,51.1,,,,
,50.3762060197,50.3,,,,
,49.6485493736,49.6,,,,
,48.9352514374,48.9,,,,
,48.2454936025,48.2,,,,
,47.5749652859,47.5,,,,
,46.9163452413,46.9,,,,
,46.2781481141,46.2,,,,
,45.6642639348,45.6,,,,
,45.0661454045,45,,,,
,44.4806902766,44.4,,,,
,43.9149842658,43.9,,,,
,43.3540805849,43.3,,,,
,42.8086029462,42.8,,,,
,42.2796032641,42.2,,,,
,41.7692020684,41.7,,,,
,41.2698527605,41.2,,,,
,40.7735771339,40.7,,,,
,40.293091208,40.2,,,,
,39.8268498368,39.8,,,,
,39.3649155732,39.3,,,,
,38.9197171248,38.9,,,,
,38.486143056,38.4,,,,
,38.0584642986,38,,,,
,37.6374689126,37.6,,,,
,37.2315589075,37.2,,,,
,36.8298558569,36.8,,,,
,36.4443131891,36.4,,,,
,36.0634778687,36,,,,
,35.6909934971,35.6,,,,
,35.3179604118,35.3,,,,
,34.9605185617,34.9,,,,
,34.6085847292,34.6,,,,
,34.2646474519,34.2,,,,
,33.9234473031,33.9,,,,
,33.5893021521,33.5,,,,
,33.2658420213,33.2,,,,
,32.9448145367,32.9,,,,
,32.631858363,32.6,,,,
,32.327952489,32.3,,,,
,32.0278755741,32,,,,
,31.733359416,31.7,,,,
,31.4448014657,31.4,,,,
,31.1583118625,31.1,,,,
,30.8764287888,30.8,,,,
,30.5980234902,30.5,,,,
,30.3257470221,30.3,,,,
,30.0631439921,30,,,,
,29.8026337563,29.8,,,,
,29.5463450988,29.5,,,,
,29.2912831562,29.2,,,,
,29.0441556953,29,,,,
,28.7988115098,28.7,,,,
,28.5575621903,28.5,,,,
,28.3223543395,28.3,,,,
,28.0901926146,28,,,,
,27.8573215956,27.8,,,,
,27.631510982,27.6,,,,
,27.4120038689,27.4,,,,
,27.1977675822,27.1,,,,
,26.9881238666,26.9,,,,
,26.7782867788,26.7,,,,
,26.5717143019,26.5,,,,
,26.3669030933,26.3,,,,
,26.1685331911,26.1,,,,
,25.9695399752,25.9,,,,
,25.7757593931,25.7,,,,
,25.5808137291,25.5,,,,
,25.3882338531,25.3,,,,
,25.1988791134,25.1,,,,
,25.0151107078,25,,,,
,24.8335508331,24.8,,,,
,24.6513719117,24.6,,,,
,24.4738230107,24.4,,,,
,24.2973763365,24.2,,,,
,24.1264689638,24.1,,,,
,23.9610570398,23.9,,,,
,23.7897814481,23.7,,,,
,23.6264900237,23.6,,,,
,23.4617307113,23.4,,,,
,23.305142461,23.3,,,,
,23.1523016021,23.1,,,,
,22.9964825749,22.9,,,,
,22.8458914475,22.8,,,,
,22.698627642,22.6,,,,
,22.5513477765,22.5,,,,
,22.4052858873,22.4,,,,
,22.2578571138,22.2,,,,
,22.1162153053,22.1,,,,
,21.9766167841,21.9,,,,
,21.8387732007,21.8,,,,
,21.6991141388,21.6,,,,
,21.5646809232,21.5,,,,
,21.4297780736,21.4,,,,
,21.2948562131,21.2,,,,
,21.1608085787,21.1,,,,
,21.0308739286,21,,,,
,20.9006886093,20.9,,,,
,20.7745322147,20.7,,,,
,20.6482294822,20.6,,,,
,20.5252120612,20.5,,,,
,20.4005946644,20.4,,,,
,20.2831298497,20.2,,,,
,20.1656658963,20.1,,,,
,20.0494683082,20,,,,
,19.9340775511,19.9,,,,
,19.8183183607,19.8,,,,
,19.7035330617,19.7,,,,
,19.5918885975,19.5,,,,
,19.4802848955,19.4,,,,
,19.3721529871,19.3,,,,
,19.2636101675,19.2,,,,
,19.1560443254,19.1,,,,
,19.0505706215,19,,,,
,18.9494276017,18.9,,,,
,18.8438960968,18.8,,,,
,18.7431872003,18.7,,,,
,18.6389057354,18.6,,,,
,18.5383506854,18.5,,,,
,18.4371720736,18.4,,,,
,18.340320695,18.3,,,,
,18.2422104294,18.2,,,,
,18.1452185701,18.1,,,,
,18.0516415287,18,,,,
,17.9558374205,17.9,,,,
,17.8655149346,17.8,,,,
,17.768849773,17.7,,,,
,17.6743454571,17.6,,,,
,17.5843646671,17.5,,,,
,17.4944817018,17.4,,,,
,17.4051264375,17.4,,,,
,17.3165408479,17.3,,,,
,17.2295116654,17.2,,,,
,17.1415521032,17.1,,,,
,17.056390651,17,,,,
,16.9716977218,16.9,,,,
,16.8882879079,16.8,,,,
,16.8061695087,16.8,,,,
,16.7252460257,16.7,,,,
,16.6475598744,16.6,,,,
,16.5679259623,16.5,,,,
,16.4878320901,16.4,,,,
,16.409300089,16.4,,,,
,16.3287224174,16.3,,,,
,16.2509923998,16.2,,,,
,16.1728218208,16.1,,,,
,16.0959676655,16,,,,
,16.0187191275,16,,,,
,0,0,,,,
,938.083151965,938,,,,
,610.327780787,610.3,,,,
,491.030662089,491,,,,
,435.889894354,435.8,,,,
,403.980197534,403.9,,,,
,386.221007542,386.2,,,,
,364.215679542,364.2,,,,
,348.658142025,348.6,,,,
,326.409573813,326.4,,,,
,280.348071729,280.3,,,,
,270.41634566,270.4,,,,
,264.463283656,264.4,,,,
,249.693689899,249.6,,,,
,243.401816847,243.4,,,,
,244.549969331,244.5,,,,
,244.454055943,244.4,,,,
,236.02197184,236,,,,
,234.840371316,234.8,,,,
,226.978576911,226.9,,,,
,212.19885812,212.1,,,,
,214.89661597,214.8,,,,
,213.35416565,213.3,,,,
,214.144783186,214.1,,,,
,205.547213711,205.5,,,,
,201.952420198,201.9,,,,
,202.210011841,202.2,,,,
,198.432987087,198.4,,,,
,194.459529783,194.4,,,,
,192.124346989,192.1,,,,
,187.68188457,187.6,,,,
,181.939143265,181.9,,,,
,173.125096878,173.1,,,,
,167.406690428,167.4,,,,
,165.710124405,165.7,,,,
,160.313376182,160.3,,,,
,158.081211475,158,,,,
,153.949271099,153.9,,,,
,148.708031958,148.7,,,,
,149.579851399,149.5,,,,
,148.013512897,148,,,,
,146.684260196,146.6,,,,
,149.913942324,149.9,,,,
,146.112149839,146.1,,,,
,141.562750438,141.5,,,,
,141.095172845,141,,,,
,140.811142236,140.8,,,,
,139.634948471,139.6,,,,
,139.185624057,139.1,,,,
,135.986424662,135.9,,,,
,135.155002062,135.1,,,,
,132.297488634,132.2,,,,
,133.439583516,133.4,,,,
,131.951754183,131.9,,,,
,130.969582002,130.9,,,,
,130.85987727,130.8,,,,
,132.289159255,132.2,,,,
,128.535562405,128.5,,,,
,129.182060973,129.1,,,,
,126.878396307,126.8,,,,
,126.257843653,126.2,,,,
,126.856148542,126.8,,,,
,126.962893974,126.9,,,,
,124.697164026,124.6,,,,
,123.607556312,123.6,,,,
,124.726953934,124.7,,,,
,121.986238409,121.9,,,,
,124.422355391,124.4,,,,
,123.19902597,123.1,,,,
,121.706910599,121.7,,,,
,118.402051747,118.4,,,,
,116.079912568,116,,,,
,116.644618728,116.6,,,,
,115.986605097,115.9,,,,
,116.554626109,116.5,,,,
,118.651497677,118.6,,,,
,116.163876978,116.1,,,,
,114.858918444,114.8,,,,
,115.024578434,115,,,,
,115.481501818,115.4,,,,
,115.953093965,115.9,,,,
,113.992915419,113.9,,,,
,116.362522688,116.3,,,,
,116.094622754,116,,,,
,116.135324849,116.1,,,,
,116.209042344,116.2,,,,
,115.72675377,115.7,,,,
,116.681216623,116.6,,,,
,116.418340423,116.4,,,,
,116.081241247,116,,,,
,116.312420897,116.3,,,,
,116.723615599,116.7,,,,
,117.505361291,117.5,,,,
,117.367226031,117.3,,,,
,116.09354217,116,,,,
,116.520480995,116.5,,,,
,116.533627156,116.5,,,,
,117.672053393,117.6,,,,
,117.706869133,117.7,,,,
,119.034219803,119,,,,
,119.957815715,119.9,,,,
,118.592564859,118.5,,,,
,120.410819415,120.4,,,,
,120.178830985,120.1,,,,
,119.555677193,119.5,,,,
,118.429908296,118.4,,,,
,118.784260409,118.7,,,,
,120.576088139,120.5,,,,
,120.045947398,120,,,,
,119.394692913,119.3,,,,
,118.975344678,118.9,,,,
,119.352027768,119.3,,,,
,118.992368131,118.9,,,,
,118.056215177,118,,,,
,117.157074811,117.1,,,,
,116.109303159,116.1,,,,
,114.747396267,114.7,,,,
,114.265574454,114.2,,,,
,115.150611117,115.1,,,,
,114.420150101,114.4,,,,
,114.456988355,114.4,,,,
,113.619430557,113.6,,,,
,114.784573506,114.7,,,,
,115.447154472,115.4,,,,
,115.884080011,115.8,,,,
,116.834361089,116.8,,,,
,116.772366394,116.7,,,,
,114.863318812,114.8,,,,
,115.332045487,115.3,,,,
,115.424627925,115.4,,,,
,115.53012684,115.5,,,,
,114.959034922,114.9,,,,
,114.32086513,114.3,,,,
,112.872298298,112.8,,,,
,113.203497423,113.2,,,,
,113.010585262,113,,,,
,112.277090256,112.2,,,,
,111.719887815,111.7,,,,
,111.229455914,111.2,,,,
,110.211850766,110.2,,,,
,110.463989152,110.4,,,,
,109.530975077,109.5,,,,
,108.995097548,108.9,,,,
,108.547374654,108.5,,,,
,108.285325239,108.2,,,,
,107.766964653,107.7,,,,
,107.65345173,107.6,,,,
,106.865132608,106.8,,,,
,107.257664044,107.2,,,,
,107.73978061,107.7,,,,
,106.351297168,106.3,,,,
,105.703627205,105.7,,,,
,106.908308267,106.9,,,,
,106.183200976,106.1,,,,
,106.01869856,106,,,,
,106.20695315,106.2,,,,
,105.988943487,105.9,,,,
,105.546638578,105.5,,,,
,105.472351906,105.4,,,,
,105.358293326,105.3,,,,
,105.071810458,105,,,,
,105.048641746,105,,,,
,104.541107145,104.5,,,,
,104.462505072,104.4,,,,
,105.139353893,105.1,,,,
,103.991433636,103.9,,,,
,104.100651022,104.1,,,,
,104.057396125,104,,,,
,103.311146055,103.3,,,,
,103.220709359,103.2,,,,
,102.299974566,102.2,,,,
,102.625590093,102.6,,,,
,102.511193031,102.5,,,,
,102.280695736,102.2,,,,
,102.380034677,102.3,,,,
,101.328824863,101.3,,,,
,101.323483603,101.3,,,,
,101.106921364,101.1,,,,
,100.480367654,100.4,,,,
,99.841902285,99.8,,,,
,99.5297971363,99.5,,,,
,98.8509232753,98.8,,,,
,100.218456999,100.2,,,,
,99.9301869807,99.9,,,,
,99.6009248044,99.6,,,,
,99.5900743447,99.5,,,,
,99.1904574794,99.1,,,,
,99.0221348016,99,,,,
,98.7847990586,98.7,,,,
,98.5631700532,98.5,,,,
,98.84509405,98.8,,,,
,98.6771274533,98.6,,,,
,98.6077791228,98.6,,,,
,97.8712675016,97.8,,,,
,98.3504250231,98.3,,,,
,98.3628294422,98.3,,,,
,97.9613333862,97.9,,,,
,97.590270779,97.5,,,,
,97.7432030818,97.7,,,,
,98.4922083276,98.4,,,,
,97.4302146728,97.4,,,,
,97.2524287326,97.2,,,,
,96.8559403598,96.8,,,,
,97.0585217946,97,,,,
,96.5669559297,96.5,,,,
,96.4236743532,96.4,,,,
,97.1342433156,97.1,,,,
,96.5391088976,96.5,,,,
,96.3570389614,96.3,,,,
,96.5526870128,96.5,,,,
,96.4713602964,96.4,,,,
,96.3503089288,96.3,,,,
,96.3995523233,96.3,,,,
,95.8012074627,95.8,,,,
,95.5888106792,95.5,,,,
,95.4820571685,95.4,,,,
,95.1407851174,95.1,,,,
,95.612588766,95.6,,,,
,95.0812152846,95,,,,
,94.7300544048,94.7,,,,
,94.303262693,94.3,,,,
,94.8270081098,94.8,,,,
,94.4491426806,94.4,,,,
,93.8880048753,93.8,,,,
,93.564254338,93.5,,,,
,93.4717648863,93.4,,,,
,93.6116282784,93.6,,,,
,93.3462201692,93.3,,,,
,93.4756358537,93.4,,,,
,93.3733165274,93.3,,,,
,93.1294601719,93.1,,,,
,92.6997241662,92.6,,,,
,93.3047049506,93.3,,,,
,93.4979718786,93.4,,,,
,93.4554912584,93.4,,,,
,93.2843707317,93.2,,,,
,93.2358922949,93.2,,,,
,93.8045834814,93.8,,,,
,93.8494539142,93.8,,,,
,93.4150100345,93.4,,,,
,93.5879674368,93.5,,,,
,94.2939046768,94.2,,,,
,94.362752786,94.3,,,,
,94.7346515937,94.7,,,,
,94.7884230136,94.7,,,,
,94.6327099593,94.6,,,,
,94.8489425431,94.8,,,,
,94.9673487537,94.9,,,,
,95.2355731542,95.2,,,,
,95.0391747435,95,,,,
,95.1691374679,95.1,,,,
,94.9928468387,94.9,,,,
,0,0,,,,
,948.683298051,948.6,,,,
,700,700,,,,
,577.35026919,577.3,,,,
,475.657439761,475.6,,,,
,470.744091838,470.7,,,,
,428.174419289,428.1,,,,
,415.023972752,415,,,,
,387.5,387.5,,,,
,367.675380173,367.6,,,,
,336.897610558,336.8,,,,
,332.160471026,332.1,,,,
,322.85617713,322.8,,,,
,306.439758262,306.4,,,,
,281.848852242,281.8,,,,
,271.375099161,271.3,,,,
,252.023064421,252,,,,
,239.881747107,239.8,,,,
,233.729821866,233.7,,,,
,235.552042112,235.5,,,,
,228.637267303,228.6,,,,
,213.968018463,213.9,,,,
,208.497180749,208.4,,,,
,206.784729576,206.7,,,,
,203.570558338,203.5,,,,
,196.367003338,196.3,,,,
,194.981413164,194.9,,,,
,189.794488523,189.7,,,,
,183.433800549,183.4,,,,
,181.780073836,181.7,,,,
,178.636813426,178.6,,,,
,177.360694115,177.3,,,,
,171.846588561,171.8,,,,
,164.280438405,164.2,,,,
,164.600806819,164.6,,,,
,163.45753989,163.4,,,,
,160.943399299,160.9,,,,
,153.129858168,153.1,,,,
,151.282051282,151.2,,,,
,149.457351776,149.4,,,,
,144.212151211,144.2,,,,
,138.197827247,138.1,,,,
,138.386749273,138.3,,,,
,137.664252008,137.6,,,,
,138.225080356,138.2,,,,
,137.421570689,137.4,,,,
,133.36539527,133.3,,,,
,131.695671911,131.6,,,,
,131.707777961,131.7,,,,
,133.716117204,133.7,,,,
,134.781638087,134.7,,,,
,133.206917389,133.2,,,,
,129.805287267,129.8,,,,
,127.79119629,127.7,,,,
,127.493315333,127.4,,,,
,128.942915704,128.9,,,,
,129.432789624,129.4,,,,
,131.679447194,131.6,,,,
,135.179453435,135.1,,,,
,133.489491888,133.4,,,,
,130.10858963,130.1,,,,
,125.808045844,125.8,,,,
,127.962931034,127.9,,,,
,126.041225528,126,,,,
,126.313121216,126.3,,,,
,128.903734884,128.9,,,,
,130.493473832,130.4,,,,
,131.868130906,131.8,,,,
,130.58737008,130.5,,,,
,130.568773914,130.5,,,,
,130.636795055,130.6,,,,
,130.259495328,130.2,,,,
,125.779348243,125.7,,,,
,125.7181586,125.7,,,,
,123.670190723,123.6,,,,
,123.343727906,123.3,,,,
,123.558828779,123.5,,,,
,121.591015293,121.5,,,,
,121.747425453,121.7,,,,
,121.700962736,121.7,,,,
,120.668530194,120.6,,,,
,117.784970687,117.7,,,,
,115.970405484,115.9,,,,
,115.380247036,115.3,,,,
,111.405344335,111.4,,,,
,108.338148404,108.3,,,,
,108.234998105,108.2,,,,
,107.692307692,107.6,,,,
,107.399885241,107.3,,,,
,106.80943446,106.8,,,,
,108.458477242,108.4,,,,
,108.594648965,108.5,,,,
,109.042152273,109,,,,
,106.313603351,106.3,,,,
,107.003981496,107,,,,
,107.972191245,107.9,,,,
,104.021669826,104,,,,
,103.015845935,103,,,,
,102.071115325,102,,,,
,102.126973122,102.1,,,,
,101.731049091,101.7,,,,
,100.448813776,100.4,,,,
,100.675019412,100.6,,,,
,99.8863085722,99.8,,,,
,99.8469903783,99.8,,,,
,100.372651972,100.3,,,,
,99.6901771089,99.6,,,,
,99.2159165241,99.2,,,,
,100.215269241,100.2,,,,
,100.315347014,100.3,,,,
,100.575449992,100.5,,,,
,99.2864516584,99.2,,,,
,99.3588655722,99.3,,,,
,99.2296718617,99.2,,,,
,98.6037349045,98.6,,,,
,98.4289380477,98.4,,,,
,97.6997657773,97.6,,,,
,95.9766638303,95.9,,,,
,94.023337566,94,,,,
,94.3568641193,94.3,,,,
,94.3858644409,94.3,,,,
,93.2297449822,93.2,,,,
,92.5061968179,92.5,,,,
,93.5480532819,93.5,,,,
,91.5946373655,91.5,,,,
,92.1075648017,92.1,,,,
,91.6095968999,91.6,,,,
,92.3760430703,92.3,,,,
,92.231795777,92.2,,,,
,93.06784025,93,,,,
,92.5609411701,92.5,,,,
,91.4787808562,91.4,,,,
,92.4464752556,92.4,,,,
,92.7227075529,92.7,,,,
,91.0971696195,91,,,,
,90.6934873184,90.6,,,,
,91.2745007259,91.2,,,,
,89.6927876128,89.6,,,,
,90.9003540194,90.9,,,,
,89.4507762768,89.4,,,,
,88.8469345435,88.8,,,,
,88.3305687363,88.3,,,,
,87.401012469,87.4,,,,
,85.487697355,85.4,,,,
,85.8791833398,85.8,,,,
,85.602728271,85.6,,,,
,84.5431938409,84.5,,,,
,84.4171891087,84.4,,,,
,83.4228781986,83.4,,,,
,84.0317090449,84,,,,
,83.5912788824,83.5,,,,
,83.6720755205,83.6,,,,
,84.4616749713,84.4,,,,
,83.8293776348,83.8,,,,
,83.1936216946,83.1,,,,
,83.7082057918,83.7,,,,
,83.4077049085,83.4,,,,
,82.9828847989,82.9,,,,
,81.7856694574,81.7,,,,
,81.9210597615,81.9,,,,
,81.2380397261,81.2,,,,
,81.3274235522,81.3,,,,
,82.1129137971,82.1,,,,
,80.587234743,80.5,,,,
,80.9300813724,80.9,,,,
,80.3595894619,80.3,,,,
,79.9556204064,79.9,,,,
,79.7877119359,79.7,,,,
,79.6990367366,79.6,,,,
,79.5504411321,79.5,,,,
,78.5719165777,78.5,,,,
,78.5659597155,78.5,,,,
,77.2467898747,77.2,,,,
,77.5849750111,77.5,,,,
,77.3275565316,77.3,,,,
,78.6061572104,78.6,,,,
,77.9960562391,77.9,,,,
,77.1251851629,77.1,,,,
,76.1655002738,76.1,,,,
,75.4537409655,75.4,,,,
,76.4413585556,76.4,,,,
,76.7397726228,76.7,,,,
,76.8065752394,76.8,,,,
,76.0203281055,76,,,,
,75.9691522397,75.9,,,,
,75.9329390084,75.9,,,,
,74.5049096275,74.5,,,,
,74.3542914434,74.3,,,,
,73.1891218636,73.1,,,,
,73.3775386667,73.3,,,,
,73.0125948194,73,,,,
,73.1195303104,73.1,,,,
,72.9167079944,72.9,,,,
,72.9795245622,72.9,,,,
,72.7828957852,72.7,,,,
,71.9322884053,71.9,,,,
,71.9941927951,71.9,,,,
,71.9774324254,71.9,,,,
,71.4027107849,71.4,,,,
,70.6969229379,70.6,,,,
,71.1526375686,71.1,,,,
,71.3624684432,71.3,,,,
,71.1504070327,71.1,,,,
,70.0513891227,70,,,,
,69.7970320752,69.7,,,,
,68.911311495,68.9,,,,
,69.206741319,69.2,,,,
,69.5852940915,69.5,,,,
,69.4581007843,69.4,,,,
,68.8583776589,68.8,,,,
,68.6572743151,68.6,,,,
,68.3294737129,68.3,,,,
,67.840701152,67.8,,,,
,67.8867302876,67.8,,,,
,67.3880244059,67.3,,,,
,66.7495453109,66.7,,,,
,66.7096257554,66.7,,,,
,66.9288772026,66.9,,,,
,66.6744407518,66.6,,,,
,65.8323261644,65.8,,,,
,64.7814604425,64.7,,,,
,64.5187941267,64.5,,,,
,64.3366147695,64.3,,,,
,64.4264088454,64.4,,,,
,64.7160029657,64.7,,,,
,63.7333360485,63.7,,,,
,63.5088322998,63.5,,,,
,63.5624282804,63.5,,,,
,63.7841309391,63.7,,,,
,63.7322985344,63.7,,,,
,63.1718329113,63.1,,,,
,62.9064637093,62.9,,,,
,63.2114538432,63.2,,,,
,63.2881889271,63.2,,,,
,63.2759415941,63.2,,,,
,63.0335779729,63,,,,
,62.2486033307,62.2,,,,
,62.2129815986,62.2,,,,
,61.7919425985,61.7,,,,
,61.0493411826,61,,,,
,61.2893965545,61.2,,,,
,61.5869829654,61.5,,,,
,61.4896811373,61.4,,,,
,61.4047480264,61.4,,,,
,60.5728053519,60.5,,,,
,59.9745581393,59.9,,,,
,60.6101121448,60.6,,,,
,60.8515184562,60.8,,,,
,60.6035396839,60.6,,,,
,60.2349430432,60.2,,,,
,60.701754386,60.7,,,,
,60.3029094988,60.3,,,,
,0,0,,,,
,1058.30052443,1058.3,,,,
,722.84161474,722.8,,,,
,616.441400297,616.4,,,,
,499.374608886,499.3,,,,
,451.663591625,451.6,,,,
,423.608834238,423.6,,,,
,395.639497832,395.6,,,,
,373.329613077,373.3,,,,
,338.843348488,338.8,,,,
,326.036807738,326,,,,
,294.298437386,294.2,,,,
,285.530694984,285.5,,,,
,271.96414661,271.9,,,,
,255.949612388,255.9,,,,
,254.209012866,254.2,,,,
,270.472837001,270.4,,,,
,258.224103251,258.2,,,,
,252.256254616,252.2,,,,
,246.017664728,246,,,,
,232.533916151,232.5,,,,
,221.189963606,221.1,,,,
,214.866936622,214.8,,,,
,204.949096684,204.9,,,,
,203.002043999,203,,,,
,191.485421551,191.4,,,,
,187.957441992,187.9,,,,
,186.924659696,186.9,,,,
,180.875784401,180.8,,,,
,175.072871125,175,,,,
,168.472186211,168.4,,,,
,167.862377494,167.8,,,,
,164.199568937,164.1,,,,
,161.837592203,161.8,,,,
,155.52275661,155.5,,,,
,154.404761746,154.4,,,,
,155.182578446,155.1,,,,
,150.282655497,150.2,,,,
,146.844083321,146.8,,,,
,148.624076593,148.6,,,,
,150.138440269,150.1,,,,
,148.5410088,148.5,,,,
,147.648230602,147.6,,,,
,148.500335999,148.5,,,,
,142.564019758,142.5,,,,
,148.254673958,148.2,,,,
,141.665577338,141.6,,,,
,141.621717173,141.6,,,,
,140.167396528,140.1,,,,
,139.084931087,139,,,,
,137.448638698,137.4,,,,
,135.77923258,135.7,,,,
,132.726415692,132.7,,,,
,133.498110706,133.4,,,,
,131.345692709,131.3,,,,
,130.57853751,130.5,,,,
,127.81701797,127.8,,,,
,130.352351483,130.3,,,,
,127.912497993,127.9,,,,
,126.279234477,126.2,,,,
,125.459914912,125.4,,,,
,125.205949271,125.2,,,,
,124.06315596,124,,,,
,124.222927282,124.2,,,,
,125.82712816,125.8,,,,
,124.19557233,124.1,,,,
,120.838945631,120.8,,,,
,116.730610822,116.7,,,,
,116.03528484,116,,,,
,114.799310585,114.7,,,,
,111.211868003,111.2,,,,
,109.475463583,109.4,,,,
,110.850147055,110.8,,,,
,112.155487615,112.1,,,,
,108.945025483,108.9,,,,
,114.717337639,114.7,,,,
,110.955446514,110.9,,,,
,110.447967218,110.4,,,,
,110.244365869,110.2,,,,
,111.453997644,111.4,,,,
,111.69308469,111.6,,,,
,112.46605712,112.4,,,,
,110.106482552,110.1,,,,
,108.817198763,108.8,,,,
,105.591945131,105.5,,,,
,107.78924938,107.7,,,,
,107.690399861,107.6,,,,
,105.095953993,105,,,,
,104.148333702,104.1,,,,
,103.621161166,103.6,,,,
,101.888492931,101.8,,,,
,102.433356836,102.4,,,,
,100.048291685,100,,,,
,99.7338139669,99.7,,,,
,100.495937532,100.4,,,,
,99.4666628639,99.4,,,,
,100.077532271,100,,,,
,98.3920199169,98.3,,,,
,98.5978864039,98.5,,,,
,98.7953260609,98.7,,,,
,98.845493517,98.8,,,,
,98.4835011563,98.4,,,,
,97.8145666157,97.8,,,,
,98.9613495868,98.9,,,,
,98.4659409205,98.4,,,,
,97.7606136129,97.7,,,,
,97.194197451,97.1,,,,
,95.9763676857,95.9,,,,
,96.261682243,96.2,,,,
,96.1269879129,96.1,,,,
,96.7792072972,96.7,,,,
,96.5606904602,96.5,,,,
,96.8583693125,96.8,,,,
,96.8451649252,96.8,,,,
,98.026577034,98,,,,
,97.3802742904,97.3,,,,
,96.2275186717,96.2,,,,
,95.5342011583,95.5,,,,
,94.389317554,94.3,,,,
,93.9914180683,93.9,,,,
,93.1106088545,93.1,,,,
,92.1766118806,92.1,,,,
,92.779408157,92.7,,,,
,91.8398639045,91.8,,,,
,90.4706738399,90.4,,,,
,91.4140561216,91.4,,,,
,90.9012651177,90.9,,,,
,90.9068004018,90.9,,,,
,90.1841242479,90.1,,,,
,89.6635420963,89.6,,,,
,89.5541775916,89.5,,,,
,89.3292866951,89.3,,,,
,89.3325482569,89.3,,,,
,89.4998089065,89.4,,,,
,89.5084282071,89.5,,,,
,88.2996982552,88.2,,,,
,87.6487565613,87.6,,,,
,87.3175309492,87.3,,,,
,87.0512552466,87,,,,
,86.7842496432,86.7,,,,
,86.4896622367,86.4,,,,
,86.0351138566,86,,,,
,85.5249753133,85.5,,,,
,85.4002095693,85.4,,,,
,84.6789335426,84.6,,,,
,84.662433366,84.6,,,,
,84.1916165639,84.1,,,,
,83.6962760021,83.6,,,,
,82.6047561877,82.6,,,,
,81.9129622345,81.9,,,,
,81.5733091492,81.5,,,,
,82.4189837895,82.4,,,,
,81.728401425,81.7,,,,
,81.273302646,81.2,,,,
,80.1793239872,80.1,,,,
,79.7248176596,79.7,,,,
,79.5591390583,79.5,,,,
,78.741853048,78.7,,,,
,77.744016811,77.7,,,,
,78.5869567627,78.5,,,,
,78.069049425,78,,,,
,78.5232152705,78.5,,,,
,77.3057040263,77.3,,,,
,77.1087431197,77.1,,,,
,75.6997534666,75.6,,,,
,75.9473521665,75.9,,,,
,75.427593308,75.4,,,,
,74.278902603,74.2,,,,
,73.9566710999,73.9,,,,
,73.8665897587,73.8,,,,
,74.2426806061,74.2,,,,
,72.660698081,72.6,,,,
,71.9621199855,71.9,,,,
,71.4192883599,71.4,,,,
,70.3992707937,70.3,,,,
,69.8346280256,69.8,,,,
,70.507193731,70.5,,,,
,69.6580569494,69.6,,,,
,69.4321901493,69.4,,,,
,68.4618958631,68.4,,,,
,68.4079603132,68.4,,,,
,68.1747388161,68.1,,,,
,68.5250247161,68.5,,,,
,68.036604702,68,,,,
,68.0564985459,68,,,,
,68.8567957694,68.8,,,,
,69.4802470196,69.4,,,,
,68.9883063529,68.9,,,,
,68.3514988164,68.3,,,,
,69.0295417933,69,,,,
,69.7903962698,69.7,,,,
,70.1492328397,70.1,,,,
,70.1205926025,70.1,,,,
,70.6204902198,70.6,,,,
,70.4724261483,70.4,,,,
,69.9309132386,69.9,,,,
,69.0490806171,69,,,,
,68.9262056677,68.9,,,,
,68.2911546194,68.2,,,,
,67.7336942222,67.7,,,,
,67.3253350888,67.3,,,,
,66.1410387287,66.1,,,,
,65.625833328,65.6,,,,
,65.6584488482,65.6,,,,
,64.4515671599,64.4,,,,
,63.8971515816,63.8,,,,
,64.2960879689,64.2,,,,
,64.1607143315,64.1,,,,
,64.3840132284,64.3,,,,
,64.6441076216,64.6,,,,
,64.212845841,64.2,,,,
,63.4959057169,63.4,,,,
,63.3387036749,63.3,,,,
,63.1719955162,63.1,,,,
,62.8067410495,62.8,,,,
,63.2549621771,63.2,,,,
,63.0165785972,63,,,,
,62.7498435611,62.7,,,,
,62.438570121,62.4,,,,
,61.7292130965,61.7,,,,
,62.771688003,62.7,,,,
,63.0335485908,63,,,,
,62.9557761613,62.9,,,,
,62.5057070345,62.5,,,,
,62.2355618361,62.2,,,,
,62.1412060539,62.1,,,,
,62.6035494242,62.6,,,,
,62.5183429873,62.5,,,,
,62.677424568,62.6,,,,
,62.4960943102,62.4,,,,
,63.1380938746,63.1,,,,
,64.0389700389,64,,,,
,63.6997327673,63.6,,,,
,64.3217792054,64.3,,,,
,65.1717866235,65.1,,,,
,64.6959229998,64.6,,,,
,63.4542142174,63.4,,,,
,63.3641069895,63.3,,,,
,63.5098677659,63.5,,,,
,63.2893624066,63.2,,,,
,63.6739805473,63.6,,,,
,63.6423382837,63.6,,,,
,63.8085243347,63.8,,,,
,62.8927791832,62.8,,,,
,62.4104974819,62.4,,,,
,61.7453091614,61.7,,,,
,61.9333117988,61.9,,,,
,62.4919850767,62.4,,,,
,62.5542102915,62.5,,,,
,62.4635689868,62.4,,,,
,62.7971717715,62.7,,,,
,63.2822249925,63.2,,,,
